V-1;V-2;V-3;V-4;V-5;V-6;V-7;V-8;V-9;V-10;V-11;V-12;V-13;V-14;V-15;V-16;V-17;V-18;V-19;V-20;V-21;V-22;V-23;V-24;V-25;V-26;V-27;V-28;V-29;V-30;V-31;V-32;V-33;V-34;V-35;V-36;V-37;V-38;V-39;V-40;V-41;V-42;V-43;V-44;V-45;V-46;V-47;V-48;V-49;V-50;V-51;V-52;V-53;V-54;V-55;V-56;V-57;V-58;V-59;V-60
U-1;U-2;U-3;U-4;U-5;U-6;U-7;U-8;U-9;U-10;U-11;U-12;U-13;U-14;U-15;U-16;U-17;U-18;U-19;U-20;U-21;U-22;U-23;U-24;U-25;U-26;U-27;U-28;U-29;U-30;U-31;U-32;U-33;U-34;U-35;U-36;U-37;U-38;U-39;U-40;U-41;U-42;U-43;U-44;U-45;U-46;U-47;U-48;U-49;U-50;U-51;U-52;U-53;U-54;U-55;U-56;U-57;U-58;U-59;U-60
T-1;T-2;T-3;T-4;T-5;T-6;T-7;T-8;T-9;T-10;T-11;T-12;T-13;T-14;T-15;T-16;T-17;T-18;T-19;T-20;T-21;T-22;T-23;T-24;T-25;T-26;T-27;T-28;T-29;T-30;T-31;T-32;T-33;T-34;T-35;T-36;T-37;T-38;T-39;T-40;T-41;T-42;T-43;T-44;T-45;T-46;T-47;T-48;T-49;T-50;T-51;T-52;T-53;T-54;T-55;T-56;T-57;T-58;T-59;T-60
S-1;S-2;S-3;S-4;S-5;S-6;S-7;S-8;S-9;S-10;S-11;S-12;S-13;S-14;S-15;S-16;S-17;S-18;S-19;S-20;S-21;S-22;S-23;S-24;S-25;S-26;S-27;S-28;S-29;S-30;S-31;S-32;S-33;S-34;S-35;S-36;S-37;S-38;S-39;S-40;S-41;S-42;S-43;S-44;S-45;S-46;S-47;S-48;S-49;S-50;S-51;S-52;S-53;S-54;S-55;S-56;S-57;S-58;S-59;S-60
R-1;R-2;R-3;R-4;R-5;R-6;R-7;R-8;R-9;R-10;R-11;R-12;R-13;R-14;R-15;R-16;R-17;R-18;R-19;R-20;R-21;R-22;R-23;R-24;R-25;R-26;R-27;R-28;R-29;R-30;R-31;R-32;R-33;R-34;R-35;R-36;R-37;R-38;R-39;R-40;R-41;R-42;R-43;R-44;R-45;R-46;R-47;R-48;R-49;R-50;R-51;R-52;R-53;R-54;R-55;R-56;R-57;R-58;R-59;R-60
Q-1;Q-2;Q-3;Q-4;Q-5;Q-6;Q-7;Q-8;Q-9;Q-10;Q-11;Q-12;Q-13;Q-14;Q-15;Q-16;Q-17;Q-18;Q-19;Q-20;Q-21;Q-22;Q-23;Q-24;Q-25;Q-26;Q-27;Q-28;Q-29;Q-30;Q-31;Q-32;Q-33;Q-34;Q-35;Q-36;Q-37;Q-38;Q-39;Q-40;Q-41;Q-42;Q-43;Q-44;Q-45;Q-46;Q-47;Q-48;Q-49;Q-50;Q-51;Q-52;Q-53;Q-54;Q-55;Q-56;Q-57;Q-58;Q-59;Q-60
P-1;P-2;P-3;P-4;P-5;P-6;P-7;P-8;P-9;P-10;P-11;P-12;P-13;P-14;P-15;P-16;P-17;P-18;P-19;P-20;P-21;P-22;P-23;P-24;P-25;P-26;P-27;P-28;P-29;P-30;P-31;P-32;P-33;P-34;P-35;P-36;P-37;P-38;P-39;P-40;P-41;P-42;P-43;P-44;P-45;P-46;P-47;P-48;P-49;P-50;P-51;P-52;P-53;P-54;P-55;P-56;P-57;P-58;P-59;P-60
O-1;O-2;O-3;O-4;O-5;O-6;O-7;O-8;O-9;O-10;O-11;O-12;O-13;O-14;O-15;O-16;O-17;O-18;O-19;O-20;O-21;O-22;O-23;O-24;O-25;O-26;O-27;O-28;O-29;O-30;O-31;O-32;O-33;O-34;O-35;O-36;O-37;O-38;O-39;O-40;O-41;O-42;O-43;O-44;O-45;O-46;O-47;O-48;O-49;O-50;O-51;O-52;O-53;O-54;O-55;O-56;O-57;O-58;O-59;O-60
N-1;N-2;N-3;N-4;N-5;N-6;N-7;N-8;N-9;N-10;N-11;N-12;N-13;N-14;N-15;N-16;N-17;N-18;N-19;N-20;N-21;N-22;N-23;N-24;N-25;N-26;N-27;N-28;N-29;N-30;N-31;N-32;N-33;N-34;N-35;N-36;N-37;N-38;N-39;N-40;N-41;N-42;N-43;N-44;N-45;N-46;N-47;N-48;N-49;N-50;N-51;N-52;N-53;N-54;N-55;N-56;N-57;N-58;N-59;N-60
M-1;M-2;M-3;M-4;M-5;M-6;M-7;M-8;M-9;M-10;M-11;M-12;M-13;M-14;M-15;M-16;M-17;M-18;M-19;M-20;M-21;M-22;M-23;M-24;M-25;M-26;M-27;M-28;M-29;M-30;M-31;M-32;M-33;M-34;M-35;M-36;M-37;M-38;M-39;M-40;M-41;M-42;M-43;M-44;M-45;M-46;M-47;M-48;M-49;M-50;M-51;M-52;M-53;M-54;M-55;M-56;M-57;M-58;M-59;M-60
L-1;L-2;L-3;L-4;L-5;L-6;L-7;L-8;L-9;L-10;L-11;L-12;L-13;L-14;L-15;L-16;L-17;L-18;L-19;L-20;L-21;L-22;L-23;L-24;L-25;L-26;L-27;L-28;L-29;L-30;L-31;L-32;L-33;L-34;L-35;L-36;L-37;L-38;L-39;L-40;L-41;L-42;L-43;L-44;L-45;L-46;L-47;L-48;L-49;L-50;L-51;L-52;L-53;L-54;L-55;L-56;L-57;L-58;L-59;L-60
K-1;K-2;K-3;K-4;K-5;K-6;K-7;K-8;K-9;K-10;K-11;K-12;K-13;K-14;K-15;K-16;K-17;K-18;K-19;K-20;K-21;K-22;K-23;K-24;K-25;K-26;K-27;K-28;K-29;K-30;K-31;K-32;K-33;K-34;K-35;K-36;K-37;K-38;K-39;K-40;K-41;K-42;K-43;K-44;K-45;K-46;K-47;K-48;K-49;K-50;K-51;K-52;K-53;K-54;K-55;K-56;K-57;K-58;K-59;K-60
J-1;J-2;J-3;J-4;J-5;J-6;J-7;J-8;J-9;J-10;J-11;J-12;J-13;J-14;J-15;J-16;J-17;J-18;J-19;J-20;J-21;J-22;J-23;J-24;J-25;J-26;J-27;J-28;J-29;J-30;J-31;J-32;J-33;J-34;J-35;J-36;J-37;J-38;J-39;J-40;J-41;J-42;J-43;J-44;J-45;J-46;J-47;J-48;J-49;J-50;J-51;J-52;J-53;J-54;J-55;J-56;J-57;J-58;J-59;J-60
I-1;I-2;I-3;I-4;I-5;I-6;I-7;I-8;I-9;I-10;I-11;I-12;I-13;I-14;I-15;I-16;I-17;I-18;I-19;I-20;I-21;I-22;I-23;I-24;I-25;I-26;I-27;I-28;I-29;I-30;I-31;I-32;I-33;I-34;I-35;I-36;I-37;I-38;I-39;I-40;I-41;I-42;I-43;I-44;I-45;I-46;I-47;I-48;I-49;I-50;I-51;I-52;I-53;I-54;I-55;I-56;I-57;I-58;I-59;I-60
H-1;H-2;H-3;H-4;H-5;H-6;H-7;H-8;H-9;H-10;H-11;H-12;H-13;H-14;H-15;H-16;H-17;H-18;H-19;H-20;H-21;H-22;H-23;H-24;H-25;H-26;H-27;H-28;H-29;H-30;H-31;H-32;H-33;H-34;H-35;H-36;H-37;H-38;H-39;H-40;H-41;H-42;H-43;H-44;H-45;H-46;H-47;H-48;H-49;H-50;H-51;H-52;H-53;H-54;H-55;H-56;H-57;H-58;H-59;H-60
G-1;G-2;G-3;G-4;G-5;G-6;G-7;G-8;G-9;G-10;G-11;G-12;G-13;G-14;G-15;G-16;G-17;G-18;G-19;G-20;G-21;G-22;G-23;G-24;G-25;G-26;G-27;G-28;G-29;G-30;G-31;G-32;G-33;G-34;G-35;G-36;G-37;G-38;G-39;G-40;G-41;G-42;G-43;G-44;G-45;G-46;G-47;G-48;G-49;G-50;G-51;G-52;G-53;G-54;G-55;G-56;G-57;G-58;G-59;G-60
F-1;F-2;F-3;F-4;F-5;F-6;F-7;F-8;F-9;F-10;F-11;F-12;F-13;F-14;F-15;F-16;F-17;F-18;F-19;F-20;F-21;F-22;F-23;F-24;F-25;F-26;F-27;F-28;F-29;F-30;F-31;F-32;F-33;F-34;F-35;F-36;F-37;F-38;F-39;F-40;F-41;F-42;F-43;F-44;F-45;F-46;F-47;F-48;F-49;F-50;F-51;F-52;F-53;F-54;F-55;F-56;F-57;F-58;F-59;F-60
E-1;E-2;E-3;E-4;E-5;E-6;E-7;E-8;E-9;E-10;E-11;E-12;E-13;E-14;E-15;E-16;E-17;E-18;E-19;E-20;E-21;E-22;E-23;E-24;E-25;E-26;E-27;E-28;E-29;E-30;E-31;E-32;E-33;E-34;E-35;E-36;E-37;E-38;E-39;E-40;E-41;E-42;E-43;E-44;E-45;E-46;E-47;E-48;E-49;E-50;E-51;E-52;E-53;E-54;E-55;E-56;E-57;E-58;E-59;E-60
D-1;D-2;D-3;D-4;D-5;D-6;D-7;D-8;D-9;D-10;D-11;D-12;D-13;D-14;D-15;D-16;D-17;D-18;D-19;D-20;D-21;D-22;D-23;D-24;D-25;D-26;D-27;D-28;D-29;D-30;D-31;D-32;D-33;D-34;D-35;D-36;D-37;D-38;D-39;D-40;D-41;D-42;D-43;D-44;D-45;D-46;D-47;D-48;D-49;D-50;D-51;D-52;D-53;D-54;D-55;D-56;D-57;D-58;D-59;D-60
C-1;C-2;C-3;C-4;C-5;C-6;C-7;C-8;C-9;C-10;C-11;C-12;C-13;C-14;C-15;C-16;C-17;C-18;C-19;C-20;C-21;C-22;C-23;C-24;C-25;C-26;C-27;C-28;C-29;C-30;C-31;C-32;C-33;C-34;C-35;C-36;C-37;C-38;C-39;C-40;C-41;C-42;C-43;C-44;C-45;C-46;C-47;C-48;C-49;C-50;C-51;C-52;C-53;C-54;C-55;C-56;C-57;C-58;C-59;C-60
B-1;B-2;B-3;B-4;B-5;B-6;B-7;B-8;B-9;B-10;B-11;B-12;B-13;B-14;B-15;B-16;B-17;B-18;B-19;B-20;B-21;B-22;B-23;B-24;B-25;B-26;B-27;B-28;B-29;B-30;B-31;B-32;B-33;B-34;B-35;B-36;B-37;B-38;B-39;B-40;B-41;B-42;B-43;B-44;B-45;B-46;B-47;B-48;B-49;B-50;B-51;B-52;B-53;B-54;B-55;B-56;B-57;B-58;B-59;B-60
A-1;A-2;A-3;A-4;A-5;A-6;A-7;A-8;A-9;A-10;A-11;A-12;A-13;A-14;A-15;A-16;A-17;A-18;A-19;A-20;A-21;A-22;A-23;A-24;A-25;A-26;A-27;A-28;A-29;A-30;A-31;A-32;A-33;A-34;A-35;A-36;A-37;A-38;A-39;A-40;A-41;A-42;A-43;A-44;A-45;A-46;A-47;A-48;A-49;A-50;A-51;A-52;A-53;A-54;A-55;A-56;A-57;A-58;A-59;A-60
A юг-1;A юг-2;A юг-3;A юг-4;A юг-5;A юг-6;A юг-7;A юг-8;A юг-9;A юг-10;A юг-11;A юг-12;A юг-13;A юг-14;A юг-15;A юг-16;A юг-17;A юг-18;A юг-19;A юг-20;A юг-21;A юг-22;A юг-23;A юг-24;A юг-25;A юг-26;A юг-27;A юг-28;A юг-29;A юг-30;A юг-31;A юг-32;A юг-33;A юг-34;A юг-35;A юг-36;A юг-37;A юг-38;A юг-39;A юг-40;A юг-41;A юг-42;A юг-43;A юг-44;A юг-45;A юг-46;A юг-47;A юг-48;A юг-49;A юг-50;A юг-51;A юг-52;A юг-53;A юг-54;A юг-55;A юг-56;A юг-57;A юг-58;A юг-59;A юг-60
B юг-1;B юг-2;B юг-3;B юг-4;B юг-5;B юг-6;B юг-7;B юг-8;B юг-9;B юг-10;B юг-11;B юг-12;B юг-13;B юг-14;B юг-15;B юг-16;B юг-17;B юг-18;B юг-19;B юг-20;B юг-21;B юг-22;B юг-23;B юг-24;B юг-25;B юг-26;B юг-27;B юг-28;B юг-29;B юг-30;B юг-31;B юг-32;B юг-33;B юг-34;B юг-35;B юг-36;B юг-37;B юг-38;B юг-39;B юг-40;B юг-41;B юг-42;B юг-43;B юг-44;B юг-45;B юг-46;B юг-47;B юг-48;B юг-49;B юг-50;B юг-51;B юг-52;B юг-53;B юг-54;B юг-55;B юг-56;B юг-57;B юг-58;B юг-59;B юг-60
C юг-1;C юг-2;C юг-3;C юг-4;C юг-5;C юг-6;C юг-7;C юг-8;C юг-9;C юг-10;C юг-11;C юг-12;C юг-13;C юг-14;C юг-15;C юг-16;C юг-17;C юг-18;C юг-19;C юг-20;C юг-21;C юг-22;C юг-23;C юг-24;C юг-25;C юг-26;C юг-27;C юг-28;C юг-29;C юг-30;C юг-31;C юг-32;C юг-33;C юг-34;C юг-35;C юг-36;C юг-37;C юг-38;C юг-39;C юг-40;C юг-41;C юг-42;C юг-43;C юг-44;C юг-45;C юг-46;C юг-47;C юг-48;C юг-49;C юг-50;C юг-51;C юг-52;C юг-53;C юг-54;C юг-55;C юг-56;C юг-57;C юг-58;C юг-59;C юг-60
D юг-1;D юг-2;D юг-3;D юг-4;D юг-5;D юг-6;D юг-7;D юг-8;D юг-9;D юг-10;D юг-11;D юг-12;D юг-13;D юг-14;D юг-15;D юг-16;D юг-17;D юг-18;D юг-19;D юг-20;D юг-21;D юг-22;D юг-23;D юг-24;D юг-25;D юг-26;D юг-27;D юг-28;D юг-29;D юг-30;D юг-31;D юг-32;D юг-33;D юг-34;D юг-35;D юг-36;D юг-37;D юг-38;D юг-39;D юг-40;D юг-41;D юг-42;D юг-43;D юг-44;D юг-45;D юг-46;D юг-47;D юг-48;D юг-49;D юг-50;D юг-51;D юг-52;D юг-53;D юг-54;D юг-55;D юг-56;D юг-57;D юг-58;D юг-59;D юг-60
E юг-1;E юг-2;E юг-3;E юг-4;E юг-5;E юг-6;E юг-7;E юг-8;E юг-9;E юг-10;E юг-11;E юг-12;E юг-13;E юг-14;E юг-15;E юг-16;E юг-17;E юг-18;E юг-19;E юг-20;E юг-21;E юг-22;E юг-23;E юг-24;E юг-25;E юг-26;E юг-27;E юг-28;E юг-29;E юг-30;E юг-31;E юг-32;E юг-33;E юг-34;E юг-35;E юг-36;E юг-37;E юг-38;E юг-39;E юг-40;E юг-41;E юг-42;E юг-43;E юг-44;E юг-45;E юг-46;E юг-47;E юг-48;E юг-49;E юг-50;E юг-51;E юг-52;E юг-53;E юг-54;E юг-55;E юг-56;E юг-57;E юг-58;E юг-59;E юг-60
F юг-1;F юг-2;F юг-3;F юг-4;F юг-5;F юг-6;F юг-7;F юг-8;F юг-9;F юг-10;F юг-11;F юг-12;F юг-13;F юг-14;F юг-15;F юг-16;F юг-17;F юг-18;F юг-19;F юг-20;F юг-21;F юг-22;F юг-23;F юг-24;F юг-25;F юг-26;F юг-27;F юг-28;F юг-29;F юг-30;F юг-31;F юг-32;F юг-33;F юг-34;F юг-35;F юг-36;F юг-37;F юг-38;F юг-39;F юг-40;F юг-41;F юг-42;F юг-43;F юг-44;F юг-45;F юг-46;F юг-47;F юг-48;F юг-49;F юг-50;F юг-51;F юг-52;F юг-53;F юг-54;F юг-55;F юг-56;F юг-57;F юг-58;F юг-59;F юг-60
G юг-1;G юг-2;G юг-3;G юг-4;G юг-5;G юг-6;G юг-7;G юг-8;G юг-9;G юг-10;G юг-11;G юг-12;G юг-13;G юг-14;G юг-15;G юг-16;G юг-17;G юг-18;G юг-19;G юг-20;G юг-21;G юг-22;G юг-23;G юг-24;G юг-25;G юг-26;G юг-27;G юг-28;G юг-29;G юг-30;G юг-31;G юг-32;G юг-33;G юг-34;G юг-35;G юг-36;G юг-37;G юг-38;G юг-39;G юг-40;G юг-41;G юг-42;G юг-43;G юг-44;G юг-45;G юг-46;G юг-47;G юг-48;G юг-49;G юг-50;G юг-51;G юг-52;G юг-53;G юг-54;G юг-55;G юг-56;G юг-57;G юг-58;G юг-59;G юг-60
H юг-1;H юг-2;H юг-3;H юг-4;H юг-5;H юг-6;H юг-7;H юг-8;H юг-9;H юг-10;H юг-11;H юг-12;H юг-13;H юг-14;H юг-15;H юг-16;H юг-17;H юг-18;H юг-19;H юг-20;H юг-21;H юг-22;H юг-23;H юг-24;H юг-25;H юг-26;H юг-27;H юг-28;H юг-29;H юг-30;H юг-31;H юг-32;H юг-33;H юг-34;H юг-35;H юг-36;H юг-37;H юг-38;H юг-39;H юг-40;H юг-41;H юг-42;H юг-43;H юг-44;H юг-45;H юг-46;H юг-47;H юг-48;H юг-49;H юг-50;H юг-51;H юг-52;H юг-53;H юг-54;H юг-55;H юг-56;H юг-57;H юг-58;H юг-59;H юг-60
I юг-1;I юг-2;I юг-3;I юг-4;I юг-5;I юг-6;I юг-7;I юг-8;I юг-9;I юг-10;I юг-11;I юг-12;I юг-13;I юг-14;I юг-15;I юг-16;I юг-17;I юг-18;I юг-19;I юг-20;I юг-21;I юг-22;I юг-23;I юг-24;I юг-25;I юг-26;I юг-27;I юг-28;I юг-29;I юг-30;I юг-31;I юг-32;I юг-33;I юг-34;I юг-35;I юг-36;I юг-37;I юг-38;I юг-39;I юг-40;I юг-41;I юг-42;I юг-43;I юг-44;I юг-45;I юг-46;I юг-47;I юг-48;I юг-49;I юг-50;I юг-51;I юг-52;I юг-53;I юг-54;I юг-55;I юг-56;I юг-57;I юг-58;I юг-59;I юг-60
J юг-1;J юг-2;J юг-3;J юг-4;J юг-5;J юг-6;J юг-7;J юг-8;J юг-9;J юг-10;J юг-11;J юг-12;J юг-13;J юг-14;J юг-15;J юг-16;J юг-17;J юг-18;J юг-19;J юг-20;J юг-21;J юг-22;J юг-23;J юг-24;J юг-25;J юг-26;J юг-27;J юг-28;J юг-29;J юг-30;J юг-31;J юг-32;J юг-33;J юг-34;J юг-35;J юг-36;J юг-37;J юг-38;J юг-39;J юг-40;J юг-41;J юг-42;J юг-43;J юг-44;J юг-45;J юг-46;J юг-47;J юг-48;J юг-49;J юг-50;J юг-51;J юг-52;J юг-53;J юг-54;J юг-55;J юг-56;J юг-57;J юг-58;J юг-59;J юг-60
K юг-1;K юг-2;K юг-3;K юг-4;K юг-5;K юг-6;K юг-7;K юг-8;K юг-9;K юг-10;K юг-11;K юг-12;K юг-13;K юг-14;K юг-15;K юг-16;K юг-17;K юг-18;K юг-19;K юг-20;K юг-21;K юг-22;K юг-23;K юг-24;K юг-25;K юг-26;K юг-27;K юг-28;K юг-29;K юг-30;K юг-31;K юг-32;K юг-33;K юг-34;K юг-35;K юг-36;K юг-37;K юг-38;K юг-39;K юг-40;K юг-41;K юг-42;K юг-43;K юг-44;K юг-45;K юг-46;K юг-47;K юг-48;K юг-49;K юг-50;K юг-51;K юг-52;K юг-53;K юг-54;K юг-55;K юг-56;K юг-57;K юг-58;K юг-59;K юг-60
L юг-1;L юг-2;L юг-3;L юг-4;L юг-5;L юг-6;L юг-7;L юг-8;L юг-9;L юг-10;L юг-11;L юг-12;L юг-13;L юг-14;L юг-15;L юг-16;L юг-17;L юг-18;L юг-19;L юг-20;L юг-21;L юг-22;L юг-23;L юг-24;L юг-25;L юг-26;L юг-27;L юг-28;L юг-29;L юг-30;L юг-31;L юг-32;L юг-33;L юг-34;L юг-35;L юг-36;L юг-37;L юг-38;L юг-39;L юг-40;L юг-41;L юг-42;L юг-43;L юг-44;L юг-45;L юг-46;L юг-47;L юг-48;L юг-49;L юг-50;L юг-51;L юг-52;L юг-53;L юг-54;L юг-55;L юг-56;L юг-57;L юг-58;L юг-59;L юг-60
M юг-1;M юг-2;M юг-3;M юг-4;M юг-5;M юг-6;M юг-7;M юг-8;M юг-9;M юг-10;M юг-11;M юг-12;M юг-13;M юг-14;M юг-15;M юг-16;M юг-17;M юг-18;M юг-19;M юг-20;M юг-21;M юг-22;M юг-23;M юг-24;M юг-25;M юг-26;M юг-27;M юг-28;M юг-29;M юг-30;M юг-31;M юг-32;M юг-33;M юг-34;M юг-35;M юг-36;M юг-37;M юг-38;M юг-39;M юг-40;M юг-41;M юг-42;M юг-43;M юг-44;M юг-45;M юг-46;M юг-47;M юг-48;M юг-49;M юг-50;M юг-51;M юг-52;M юг-53;M юг-54;M юг-55;M юг-56;M юг-57;M юг-58;M юг-59;M юг-60
N юг-1;N юг-2;N юг-3;N юг-4;N юг-5;N юг-6;N юг-7;N юг-8;N юг-9;N юг-10;N юг-11;N юг-12;N юг-13;N юг-14;N юг-15;N юг-16;N юг-17;N юг-18;N юг-19;N юг-20;N юг-21;N юг-22;N юг-23;N юг-24;N юг-25;N юг-26;N юг-27;N юг-28;N юг-29;N юг-30;N юг-31;N юг-32;N юг-33;N юг-34;N юг-35;N юг-36;N юг-37;N юг-38;N юг-39;N юг-40;N юг-41;N юг-42;N юг-43;N юг-44;N юг-45;N юг-46;N юг-47;N юг-48;N юг-49;N юг-50;N юг-51;N юг-52;N юг-53;N юг-54;N юг-55;N юг-56;N юг-57;N юг-58;N юг-59;N юг-60
O юг-1;O юг-2;O юг-3;O юг-4;O юг-5;O юг-6;O юг-7;O юг-8;O юг-9;O юг-10;O юг-11;O юг-12;O юг-13;O юг-14;O юг-15;O юг-16;O юг-17;O юг-18;O юг-19;O юг-20;O юг-21;O юг-22;O юг-23;O юг-24;O юг-25;O юг-26;O юг-27;O юг-28;O юг-29;O юг-30;O юг-31;O юг-32;O юг-33;O юг-34;O юг-35;O юг-36;O юг-37;O юг-38;O юг-39;O юг-40;O юг-41;O юг-42;O юг-43;O юг-44;O юг-45;O юг-46;O юг-47;O юг-48;O юг-49;O юг-50;O юг-51;O юг-52;O юг-53;O юг-54;O юг-55;O юг-56;O юг-57;O юг-58;O юг-59;O юг-60
P юг-1;P юг-2;P юг-3;P юг-4;P юг-5;P юг-6;P юг-7;P юг-8;P юг-9;P юг-10;P юг-11;P юг-12;P юг-13;P юг-14;P юг-15;P юг-16;P юг-17;P юг-18;P юг-19;P юг-20;P юг-21;P юг-22;P юг-23;P юг-24;P юг-25;P юг-26;P юг-27;P юг-28;P юг-29;P юг-30;P юг-31;P юг-32;P юг-33;P юг-34;P юг-35;P юг-36;P юг-37;P юг-38;P юг-39;P юг-40;P юг-41;P юг-42;P юг-43;P юг-44;P юг-45;P юг-46;P юг-47;P юг-48;P юг-49;P юг-50;P юг-51;P юг-52;P юг-53;P юг-54;P юг-55;P юг-56;P юг-57;P юг-58;P юг-59;P юг-60
Q юг-1;Q юг-2;Q юг-3;Q юг-4;Q юг-5;Q юг-6;Q юг-7;Q юг-8;Q юг-9;Q юг-10;Q юг-11;Q юг-12;Q юг-13;Q юг-14;Q юг-15;Q юг-16;Q юг-17;Q юг-18;Q юг-19;Q юг-20;Q юг-21;Q юг-22;Q юг-23;Q юг-24;Q юг-25;Q юг-26;Q юг-27;Q юг-28;Q юг-29;Q юг-30;Q юг-31;Q юг-32;Q юг-33;Q юг-34;Q юг-35;Q юг-36;Q юг-37;Q юг-38;Q юг-39;Q юг-40;Q юг-41;Q юг-42;Q юг-43;Q юг-44;Q юг-45;Q юг-46;Q юг-47;Q юг-48;Q юг-49;Q юг-50;Q юг-51;Q юг-52;Q юг-53;Q юг-54;Q юг-55;Q юг-56;Q юг-57;Q юг-58;Q юг-59;Q юг-60
R юг-1;R юг-2;R юг-3;R юг-4;R юг-5;R юг-6;R юг-7;R юг-8;R юг-9;R юг-10;R юг-11;R юг-12;R юг-13;R юг-14;R юг-15;R юг-16;R юг-17;R юг-18;R юг-19;R юг-20;R юг-21;R юг-22;R юг-23;R юг-24;R юг-25;R юг-26;R юг-27;R юг-28;R юг-29;R юг-30;R юг-31;R юг-32;R юг-33;R юг-34;R юг-35;R юг-36;R юг-37;R юг-38;R юг-39;R юг-40;R юг-41;R юг-42;R юг-43;R юг-44;R юг-45;R юг-46;R юг-47;R юг-48;R юг-49;R юг-50;R юг-51;R юг-52;R юг-53;R юг-54;R юг-55;R юг-56;R юг-57;R юг-58;R юг-59;R юг-60
S юг-1;S юг-2;S юг-3;S юг-4;S юг-5;S юг-6;S юг-7;S юг-8;S юг-9;S юг-10;S юг-11;S юг-12;S юг-13;S юг-14;S юг-15;S юг-16;S юг-17;S юг-18;S юг-19;S юг-20;S юг-21;S юг-22;S юг-23;S юг-24;S юг-25;S юг-26;S юг-27;S юг-28;S юг-29;S юг-30;S юг-31;S юг-32;S юг-33;S юг-34;S юг-35;S юг-36;S юг-37;S юг-38;S юг-39;S юг-40;S юг-41;S юг-42;S юг-43;S юг-44;S юг-45;S юг-46;S юг-47;S юг-48;S юг-49;S юг-50;S юг-51;S юг-52;S юг-53;S юг-54;S юг-55;S юг-56;S юг-57;S юг-58;S юг-59;S юг-60
T юг-1;T юг-2;T юг-3;T юг-4;T юг-5;T юг-6;T юг-7;T юг-8;T юг-9;T юг-10;T юг-11;T юг-12;T юг-13;T юг-14;T юг-15;T юг-16;T юг-17;T юг-18;T юг-19;T юг-20;T юг-21;T юг-22;T юг-23;T юг-24;T юг-25;T юг-26;T юг-27;T юг-28;T юг-29;T юг-30;T юг-31;T юг-32;T юг-33;T юг-34;T юг-35;T юг-36;T юг-37;T юг-38;T юг-39;T юг-40;T юг-41;T юг-42;T юг-43;T юг-44;T юг-45;T юг-46;T юг-47;T юг-48;T юг-49;T юг-50;T юг-51;T юг-52;T юг-53;T юг-54;T юг-55;T юг-56;T юг-57;T юг-58;T юг-59;T юг-60
U юг-1;U юг-2;U юг-3;U юг-4;U юг-5;U юг-6;U юг-7;U юг-8;U юг-9;U юг-10;U юг-11;U юг-12;U юг-13;U юг-14;U юг-15;U юг-16;U юг-17;U юг-18;U юг-19;U юг-20;U юг-21;U юг-22;U юг-23;U юг-24;U юг-25;U юг-26;U юг-27;U юг-28;U юг-29;U юг-30;U юг-31;U юг-32;U юг-33;U юг-34;U юг-35;U юг-36;U юг-37;U юг-38;U юг-39;U юг-40;U юг-41;U юг-42;U юг-43;U юг-44;U юг-45;U юг-46;U юг-47;U юг-48;U юг-49;U юг-50;U юг-51;U юг-52;U юг-53;U юг-54;U юг-55;U юг-56;U юг-57;U юг-58;U юг-59;U юг-60
V юг-1;V юг-2;V юг-3;V юг-4;V юг-5;V юг-6;V юг-7;V юг-8;V юг-9;V юг-10;V юг-11;V юг-12;V юг-13;V юг-14;V юг-15;V юг-16;V юг-17;V юг-18;V юг-19;V юг-20;V юг-21;V юг-22;V юг-23;V юг-24;V юг-25;V юг-26;V юг-27;V юг-28;V юг-29;V юг-30;V юг-31;V юг-32;V юг-33;V юг-34;V юг-35;V юг-36;V юг-37;V юг-38;V юг-39;V юг-40;V юг-41;V юг-42;V юг-43;V юг-44;V юг-45;V юг-46;V юг-47;V юг-48;V юг-49;V юг-50;V юг-51;V юг-52;V юг-53;V юг-54;V юг-55;V юг-56;V юг-57;V юг-58;V юг-59;V юг-60
